date,value
2023-01-01 00:00:00,-27.913446206519076
2023-01-01 01:00:00,-26.742890713813026
2023-01-01 02:00:00,-27.835390358473344
2023-01-01 03:00:00,-27.631919094358853
2023-01-01 04:00:00,-27.03007323770513
2023-01-01 05:00:00,-28.13286539562549
2023-01-01 06:00:00,-27.60361408188417
2023-01-01 07:00:00,-28.379745271558633
2023-01-01 08:00:00,-28.04796721737898
2023-01-01 09:00:00,-30.856253790670852
2023-01-01 10:00:00,-30.882602611340698
2023-01-01 11:00:00,-31.636455577764558
2023-01-01 12:00:00,-30.091723986734902
2023-01-01 13:00:00,-31.176089306254564
2023-01-01 14:00:00,-30.295671900163548
2023-01-01 15:00:00,-31.16715470370233
2023-01-01 16:00:00,-31.630725118498372
2023-01-01 17:00:00,-29.879584312846355
2023-01-01 18:00:00,-31.694020051507326
2023-01-01 19:00:00,-32.59581085029005
2023-01-01 20:00:00,-33.82030613511288
2023-01-01 21:00:00,-31.910908573432547
2023-01-01 22:00:00,-32.41260082715408
2023-01-01 23:00:00,-34.71476656331092
2023-01-02 00:00:00,-34.03327270703715
2023-01-02 01:00:00,-33.90898981466266
2023-01-02 02:00:00,-36.043024312619366
2023-01-02 03:00:00,-34.93743281467348
2023-01-02 04:00:00,-33.51369868690135
2023-01-02 05:00:00,-36.779942641475444
2023-01-02 06:00:00,-34.92410661604958
2023-01-02 07:00:00,-33.770613723702056
2023-01-02 08:00:00,-36.53093447479036
2023-01-02 09:00:00,-36.60851502098997
2023-01-02 10:00:00,-36.180315675372306
2023-01-02 11:00:00,-36.124627883006376
2023-01-02 12:00:00,-36.48107749431611
2023-01-02 13:00:00,-38.62868675992529
2023-01-02 14:00:00,-38.115547333486774
2023-01-02 15:00:00,-37.4840524387499
2023-01-02 16:00:00,-38.13452253644574
2023-01-02 17:00:00,-36.908971772058486
2023-01-02 18:00:00,-38.597579170333645
2023-01-02 19:00:00,-38.87181334624265
2023-01-02 20:00:00,-36.87640623417393
2023-01-02 21:00:00,-39.03006047849855
2023-01-02 22:00:00,-40.14913086110673
2023-01-02 23:00:00,-39.389739692178914
2023-01-03 00:00:00,-39.83630626924142
2023-01-03 01:00:00,-39.10746014048821
2023-01-03 02:00:00,-39.57784496710559
2023-01-03 03:00:00,-40.57425150590673
2023-01-03 04:00:00,-40.83459856916457
2023-01-03 05:00:00,-41.18701604662932
2023-01-03 06:00:00,-39.51090269804359
2023-01-03 07:00:00,-39.04847002372609
2023-01-03 08:00:00,-41.32165739277157
2023-01-03 09:00:00,-40.897846877874876
2023-01-03 10:00:00,-41.2992771426886
2023-01-03 11:00:00,-42.365005125204185
2023-01-03 12:00:00,-42.56834747226888
2023-01-03 13:00:00,-42.71660095019034
2023-01-03 14:00:00,-44.34732883286177
2023-01-03 15:00:00,-43.366446657820866
2023-01-03 16:00:00,-42.339211371786774
2023-01-03 17:00:00,-42.05191301322479
2023-01-03 18:00:00,-43.36102832348418
2023-01-03 19:00:00,-43.70686781602703
2023-01-03 20:00:00,-42.86617203595775
2023-01-03 21:00:00,-41.62530111887889
2023-01-03 22:00:00,-44.77808949335977
2023-01-03 23:00:00,-44.79298726306252
2023-01-04 00:00:00,-44.62185049064841
2023-01-04 01:00:00,-43.80096047517336
2023-01-04 02:00:00,-45.36498384487564
2023-01-04 03:00:00,-44.20492510520191
2023-01-04 04:00:00,-45.549097048665764
2023-01-04 05:00:00,-44.42111422360337
2023-01-04 06:00:00,-45.451269072314034
2023-01-04 07:00:00,-45.71709202423227
2023-01-04 08:00:00,-44.62072480498138
2023-01-04 09:00:00,-46.76739831489397
2023-01-04 10:00:00,-46.4945924417138
2023-01-04 11:00:00,-45.13850534184432
2023-01-04 12:00:00,-45.2411775639103
2023-01-04 13:00:00,-45.93641181613293
2023-01-04 14:00:00,-48.46614901597204
2023-01-04 15:00:00,-45.689582451382655
2023-01-04 16:00:00,-46.192995964858454
2023-01-04 17:00:00,-47.0082426531284
2023-01-04 18:00:00,-48.740565333463415
2023-01-04 19:00:00,-46.08748539802282
2023-01-04 20:00:00,-45.2900256753271
2023-01-04 21:00:00,-46.65666055720143
2023-01-04 22:00:00,-45.94365938079444
2023-01-04 23:00:00,-48.045314295839646
2023-01-05 00:00:00,-47.31430839610911
2023-01-05 01:00:00,-48.25939917970922
2023-01-05 02:00:00,-48.8355635216473
2023-01-05 03:00:00,-48.165997660351465
2023-01-05 04:00:00,-48.83268494619968
2023-01-05 05:00:00,-48.767034694455816
2023-01-05 06:00:00,-48.889032266783644
2023-01-05 07:00:00,-48.626781922118965
2023-01-05 08:00:00,-48.59699951317072
2023-01-05 09:00:00,-48.26836613926326
2023-01-05 10:00:00,-49.73001215378308
2023-01-05 11:00:00,-48.2506241385536
2023-01-05 12:00:00,-50.46891336591209
2023-01-05 13:00:00,-48.67507021722086
2023-01-05 14:00:00,-48.727736303597034
2023-01-05 15:00:00,-51.20385586160096
2023-01-05 16:00:00,-49.29809726682808
2023-01-05 17:00:00,-47.93765610665103
2023-01-05 18:00:00,-48.64505197719284
2023-01-05 19:00:00,-49.65551416355002
2023-01-05 20:00:00,-49.77097276534387
2023-01-05 21:00:00,-48.99309503795628
2023-01-05 22:00:00,-49.18918440730788
2023-01-05 23:00:00,-48.581890015237114
2023-01-06 00:00:00,-49.3087825669343
2023-01-06 01:00:00,-48.598243245562664
2023-01-06 02:00:00,-49.15114862297341
2023-01-06 03:00:00,-50.362352368873765
2023-01-06 04:00:00,-50.65822305061179
2023-01-06 05:00:00,-50.209197041250185
2023-01-06 06:00:00,-49.312058068434446
2023-01-06 07:00:00,-50.624545699774785
2023-01-06 08:00:00,-48.898499335338805
2023-01-06 09:00:00,-51.360422011016766
2023-01-06 10:00:00,-50.11418491618869
2023-01-06 11:00:00,-50.80839018101199
2023-01-06 12:00:00,-49.58675810821653
2023-01-06 13:00:00,-49.78396373388965
2023-01-06 14:00:00,-50.09108174401769
2023-01-06 15:00:00,-51.19235608761937
2023-01-06 16:00:00,-50.851654144918655
2023-01-06 17:00:00,-50.64094947107678
2023-01-06 18:00:00,-48.99602836175995
2023-01-06 19:00:00,-50.63894192424074
2023-01-06 20:00:00,-49.49765111531021
2023-01-06 21:00:00,-49.08001398111508
2023-01-06 22:00:00,-50.84316215044598
2023-01-06 23:00:00,-50.51132158965409
2023-01-07 00:00:00,-52.19544540905492
2023-01-07 01:00:00,-50.382913768075305
2023-01-07 02:00:00,-49.255173132305224
2023-01-07 03:00:00,-50.90135667835378
2023-01-07 04:00:00,-49.58708892696191
2023-01-07 05:00:00,-49.13111959944049
2023-01-07 06:00:00,-49.53840823339967
2023-01-07 07:00:00,-50.31290278034868
2023-01-07 08:00:00,-49.62014002416448
2023-01-07 09:00:00,-50.49513804334933
2023-01-07 10:00:00,-50.20782636836504
2023-01-07 11:00:00,-47.36814016590648
2023-01-07 12:00:00,-50.227067658421355
2023-01-07 13:00:00,-50.36631966533573
2023-01-07 14:00:00,-49.48406070310645
2023-01-07 15:00:00,-49.31753353528517
2023-01-07 16:00:00,-48.79459657005195
2023-01-07 17:00:00,-50.26064703741724
2023-01-07 18:00:00,-50.504411328696705
2023-01-07 19:00:00,-50.37397880690565
2023-01-07 20:00:00,-48.592970280493184
2023-01-07 21:00:00,-48.20626163025451
2023-01-07 22:00:00,-49.97856368469584
2023-01-07 23:00:00,-49.66860139026739
2023-01-08 00:00:00,-49.117657798025824
2023-01-08 01:00:00,-49.98284034785347
2023-01-08 02:00:00,-49.4511153990018
2023-01-08 03:00:00,-47.94158559596976
2023-01-08 04:00:00,-50.02762200570957
2023-01-08 05:00:00,-48.357945304457935
2023-01-08 06:00:00,-47.46710559975749
2023-01-08 07:00:00,-49.6394056019959
2023-01-08 08:00:00,-47.38379079730833
2023-01-08 09:00:00,-48.38578597438763
2023-01-08 10:00:00,-48.83550384404256
2023-01-08 11:00:00,-47.33945458999586
2023-01-08 12:00:00,-48.0399483025343
2023-01-08 13:00:00,-48.2557079448495
2023-01-08 14:00:00,-48.49380194786762
2023-01-08 15:00:00,-48.655555142639805
2023-01-08 16:00:00,-48.26282488183763
2023-01-08 17:00:00,-47.8440867893096
2023-01-08 18:00:00,-46.73113574954487
2023-01-08 19:00:00,-47.634300585005995
2023-01-08 20:00:00,-46.97619580541268
2023-01-08 21:00:00,-47.54118773814145
2023-01-08 22:00:00,-46.557688790313144
2023-01-08 23:00:00,-46.98423821722911
2023-01-09 00:00:00,-45.519475862895575
2023-01-09 01:00:00,-46.4056103392792
2023-01-09 02:00:00,-48.199113914133065
2023-01-09 03:00:00,-46.52628117919682
2023-01-09 04:00:00,-46.713409878286114
2023-01-09 05:00:00,-45.18170610470829
2023-01-09 06:00:00,-45.97973600367491
2023-01-09 07:00:00,-44.99734998546481
2023-01-09 08:00:00,-44.974794369009565
2023-01-09 09:00:00,-46.23681337303597
2023-01-09 10:00:00,-45.73303287235452
2023-01-09 11:00:00,-45.237758423777855
2023-01-09 12:00:00,-46.1952644054593
2023-01-09 13:00:00,-41.57404086934335
2023-01-09 14:00:00,-44.29441893435156
2023-01-09 15:00:00,-45.93899299930191
2023-01-09 16:00:00,-45.91640877204621
2023-01-09 17:00:00,-44.21344393686313
2023-01-09 18:00:00,-44.560731267960186
2023-01-09 19:00:00,-45.560344175232586
2023-01-09 20:00:00,-45.561492833969055
2023-01-09 21:00:00,-43.65183886653075
2023-01-09 22:00:00,-43.96220813889462
2023-01-09 23:00:00,-42.921065576938865
2023-01-10 00:00:00,-43.26139815925778
2023-01-10 01:00:00,-41.86378633544223
2023-01-10 02:00:00,-44.613297757694404
2023-01-10 03:00:00,-41.9971955562262
2023-01-10 04:00:00,-43.226727700406464
2023-01-10 05:00:00,-43.16109667056781
2023-01-10 06:00:00,-41.07195165604339
2023-01-10 07:00:00,-43.770605915071556
2023-01-10 08:00:00,-41.73648274233673
2023-01-10 09:00:00,-41.81381556954375
2023-01-10 10:00:00,-40.05845600122649
2023-01-10 11:00:00,-42.51444349122693
2023-01-10 12:00:00,-40.500133390478
2023-01-10 13:00:00,-40.17224237474695
2023-01-10 14:00:00,-40.45748415116667
2023-01-10 15:00:00,-40.12271518344058
2023-01-10 16:00:00,-40.17551058327612
2023-01-10 17:00:00,-41.27051374732459
2023-01-10 18:00:00,-40.12587028439446
2023-01-10 19:00:00,-41.30809695543404
2023-01-10 20:00:00,-38.21716309225509
2023-01-10 21:00:00,-37.98598376161123
2023-01-10 22:00:00,-40.12533992319996
2023-01-10 23:00:00,-37.284929278225164
2023-01-11 00:00:00,-38.441635166378695
2023-01-11 01:00:00,-39.55829046037401
2023-01-11 02:00:00,-38.53698606070201
2023-01-11 03:00:00,-36.99774204785957
2023-01-11 04:00:00,-37.44220307958837
2023-01-11 05:00:00,-38.18222635287378
2023-01-11 06:00:00,-36.2097308549096
2023-01-11 07:00:00,-36.850811578711955
2023-01-11 08:00:00,-36.89852512282612
2023-01-11 09:00:00,-37.39899843070831
2023-01-11 10:00:00,-35.39455517241239
2023-01-11 11:00:00,-34.810953360984996
2023-01-11 12:00:00,-286.45733373481914
2023-01-11 13:00:00,-35.45981315928046
2023-01-11 14:00:00,-35.183550165353225
2023-01-11 15:00:00,-34.49568132684194
2023-01-11 16:00:00,-35.48451522311461
2023-01-11 17:00:00,-32.150156078179165
2023-01-11 18:00:00,-33.60659457084948
2023-01-11 19:00:00,-32.735178351065066
2023-01-11 20:00:00,-33.683805052275964
2023-01-11 21:00:00,-30.99532095814211
2023-01-11 22:00:00,-32.38112595594301
2023-01-11 23:00:00,-34.366764728628446
2023-01-12 00:00:00,-31.28971391493139
2023-01-12 01:00:00,-32.065448912976706
2023-01-12 02:00:00,-32.81051243007036
2023-01-12 03:00:00,-31.5291265506646
2023-01-12 04:00:00,-32.09879422053603
2023-01-12 05:00:00,-30.215203687126674
2023-01-12 06:00:00,-30.031090540084907
2023-01-12 07:00:00,-31.75340574543972
2023-01-12 08:00:00,-29.419897962270447
2023-01-12 09:00:00,-28.749582912432498
2023-01-12 10:00:00,-32.00719764645359
2023-01-12 11:00:00,-27.921312494331623
2023-01-12 12:00:00,-28.277534899750876
2023-01-12 13:00:00,-27.827290539861387
2023-01-12 14:00:00,-26.93293217103267
2023-01-12 15:00:00,-28.11683761074845
2023-01-12 16:00:00,-28.642237027335568
2023-01-12 17:00:00,-27.109758521795158
2023-01-12 18:00:00,-27.346517423531363
2023-01-12 19:00:00,-26.438696810979632
2023-01-12 20:00:00,-28.91676838050495
2023-01-12 21:00:00,-26.70595624435491
2023-01-12 22:00:00,-23.397052333251466
2023-01-12 23:00:00,-25.3120636349244
2023-01-13 00:00:00,-24.38372213552102
2023-01-13 01:00:00,-24.739272621707414
2023-01-13 02:00:00,-25.121510970456747
2023-01-13 03:00:00,-23.621111831880885
2023-01-13 04:00:00,-23.414495104565002
2023-01-13 05:00:00,-24.198629733231268
2023-01-13 06:00:00,-23.726176501371494
2023-01-13 07:00:00,-22.55128259134276
2023-01-13 08:00:00,-23.709957663986128
2023-01-13 09:00:00,-23.440536042144927
2023-01-13 10:00:00,-21.10801235987051
2023-01-13 11:00:00,-20.814561589684843
2023-01-13 12:00:00,-21.83966928419339
2023-01-13 13:00:00,-19.760384158505296
2023-01-13 14:00:00,-20.14921557114457
2023-01-13 15:00:00,-20.276403930262855
2023-01-13 16:00:00,-20.873187279669217
2023-01-13 17:00:00,-19.269300688444833
2023-01-13 18:00:00,-20.251033073515135
2023-01-13 19:00:00,-19.46335918901816
2023-01-13 20:00:00,-19.68544394572586
2023-01-13 21:00:00,-17.526764757705596
2023-01-13 22:00:00,-18.270911498798384
2023-01-13 23:00:00,-268.06288064930726
2023-01-14 00:00:00,-17.0737981271921
2023-01-14 01:00:00,-14.932871226719959
2023-01-14 02:00:00,-16.038638258483807
2023-01-14 03:00:00,-18.293005558833467
2023-01-14 04:00:00,-16.410637154667185
2023-01-14 05:00:00,-15.974843455732932
2023-01-14 06:00:00,-16.3148618748081
2023-01-14 07:00:00,-16.37873823898544
2023-01-14 08:00:00,-13.368223032770674
2023-01-14 09:00:00,-13.970524537405423
2023-01-14 10:00:00,-13.464263303906602
2023-01-14 11:00:00,-13.67958304431309
2023-01-14 12:00:00,-12.870547415207307
2023-01-14 13:00:00,-12.86983653529093
2023-01-14 14:00:00,-12.850977257454883
2023-01-14 15:00:00,-12.8763962267765
2023-01-14 16:00:00,-13.332201556140937
2023-01-14 17:00:00,-12.728471880457793
2023-01-14 18:00:00,-11.714735096341185
2023-01-14 19:00:00,-12.221910219197918
2023-01-14 20:00:00,-10.643051827953478
2023-01-14 21:00:00,-11.542822930689773
2023-01-14 22:00:00,-9.515294615627578
2023-01-14 23:00:00,-11.352251808783807
2023-01-15 00:00:00,-9.283907974985546
2023-01-15 01:00:00,-7.9879465354023855
2023-01-15 02:00:00,-8.053025426660025
2023-01-15 03:00:00,-9.09353504927139
2023-01-15 04:00:00,-6.904081612279382
2023-01-15 05:00:00,-7.8353213387736975
2023-01-15 06:00:00,-7.162042226074551
2023-01-15 07:00:00,-7.2230319087586645
2023-01-15 08:00:00,-8.566717896944544
2023-01-15 09:00:00,-5.907740149619021
2023-01-15 10:00:00,-5.692967842963382
2023-01-15 11:00:00,-5.018454147354717
2023-01-15 12:00:00,-6.400303350056248
2023-01-15 13:00:00,-4.270426095933677
2023-01-15 14:00:00,-5.368523218498766
2023-01-15 15:00:00,-5.542505710386448
2023-01-15 16:00:00,-5.046311345534543
2023-01-15 17:00:00,-3.4625229942425904
2023-01-15 18:00:00,-3.7204525393571712
2023-01-15 19:00:00,-1.421877493943731
2023-01-15 20:00:00,-251.81097487137816
2023-01-15 21:00:00,-1.1111310235130931
2023-01-15 22:00:00,-2.067888239887923
2023-01-15 23:00:00,-2.627491147703579
2023-01-16 00:00:00,-2.8001556042726623
2023-01-16 01:00:00,-1.068795555667781
2023-01-16 02:00:00,0.7813936503725858
2023-01-16 03:00:00,1.1161786372281315
2023-01-16 04:00:00,-1.4370174416294423
2023-01-16 05:00:00,0.84110945433194
2023-01-16 06:00:00,1.6272302338200912
2023-01-16 07:00:00,0.28926725288127386
2023-01-16 08:00:00,1.642132985331906
2023-01-16 09:00:00,1.2575051452332717
2023-01-16 10:00:00,2.486819056159529
2023-01-16 11:00:00,2.8872596973757725
2023-01-16 12:00:00,2.7118546348728736
2023-01-16 13:00:00,3.276452000989765
2023-01-16 14:00:00,3.0621421986308803
2023-01-16 15:00:00,4.202760139618535
2023-01-16 16:00:00,1.2335283206756826
2023-01-16 17:00:00,5.273321357666351
2023-01-16 18:00:00,6.183909054134009
2023-01-16 19:00:00,4.179047974878053
2023-01-16 20:00:00,5.654617270736979
2023-01-16 21:00:00,6.787161506692636
2023-01-16 22:00:00,5.842779083169899
2023-01-16 23:00:00,6.213350113656209
2023-01-17 00:00:00,7.184707979941858
2023-01-17 01:00:00,8.336958446801857
2023-01-17 02:00:00,6.56451047971092
2023-01-17 03:00:00,8.528018181574899
2023-01-17 04:00:00,9.175455977956807
2023-01-17 05:00:00,7.620687962251803
2023-01-17 06:00:00,9.486874699223648
2023-01-17 07:00:00,11.130858271151888
2023-01-17 08:00:00,10.025873407696269
2023-01-17 09:00:00,10.217123285753603
2023-01-17 10:00:00,12.158414639845969
2023-01-17 11:00:00,10.486958752972741
2023-01-17 12:00:00,11.24813745875339
2023-01-17 13:00:00,13.093171832799193
2023-01-17 14:00:00,13.859670388550223
2023-01-17 15:00:00,11.36518786027314
2023-01-17 16:00:00,12.589329060737994
2023-01-17 17:00:00,13.605844280913214
2023-01-17 18:00:00,14.737541531586468
2023-01-17 19:00:00,14.263139176845165
2023-01-17 20:00:00,13.545499389096555
2023-01-17 21:00:00,15.275397179902232
2023-01-17 22:00:00,12.584080387432325
2023-01-17 23:00:00,15.296034085518802
2023-01-18 00:00:00,16.23217339942832
2023-01-18 01:00:00,16.93691242578089
2023-01-18 02:00:00,16.609794955366667
2023-01-18 03:00:00,15.063381535743906
2023-01-18 04:00:00,17.769245893336226
2023-01-18 05:00:00,16.62364820154344
2023-01-18 06:00:00,17.03106052645987
2023-01-18 07:00:00,18.971917075777682
2023-01-18 08:00:00,16.17244243309898
2023-01-18 09:00:00,20.71707553891331
2023-01-18 10:00:00,19.706156827243092
2023-01-18 11:00:00,20.02181132444518
2023-01-18 12:00:00,19.306235276525555
2023-01-18 13:00:00,20.487941175542247
2023-01-18 14:00:00,20.720065111218577
2023-01-18 15:00:00,20.66956617171442
2023-01-18 16:00:00,19.239655547196797
2023-01-18 17:00:00,21.517113805432682
2023-01-18 18:00:00,21.645324722633802
2023-01-18 19:00:00,22.651512471178396
2023-01-18 20:00:00,22.44556613313534
2023-01-18 21:00:00,22.614262145743172
2023-01-18 22:00:00,22.828750020752324
2023-01-18 23:00:00,21.48527401517441
2023-01-19 00:00:00,21.432006940396946
2023-01-19 01:00:00,23.488839872208313
2023-01-19 02:00:00,23.205267847919412
2023-01-19 03:00:00,24.674709678810274
2023-01-19 04:00:00,23.307029878829052
2023-01-19 05:00:00,24.2697426074743
2023-01-19 06:00:00,25.846826677520475
2023-01-19 07:00:00,25.450276647198674
2023-01-19 08:00:00,24.87529940476226
2023-01-19 09:00:00,26.606618324278628
2023-01-19 10:00:00,26.618724637280035
2023-01-19 11:00:00,25.618836014007215
2023-01-19 12:00:00,26.312966658309882
2023-01-19 13:00:00,27.445403911334985
2023-01-19 14:00:00,27.344504297213035
2023-01-19 15:00:00,27.57015259915413
2023-01-19 16:00:00,27.591509102619536
2023-01-19 17:00:00,25.724952976680438
2023-01-19 18:00:00,29.19006337421086
2023-01-19 19:00:00,29.305196601779205
2023-01-19 20:00:00,29.146513595255254
2023-01-19 21:00:00,27.76915178197815
2023-01-19 22:00:00,29.43353255230696
2023-01-19 23:00:00,30.10749660113523
2023-01-20 00:00:00,30.185226133616926
2023-01-20 01:00:00,30.57995629200771
2023-01-20 02:00:00,28.738438518483893
2023-01-20 03:00:00,281.83423614965534
2023-01-20 04:00:00,32.06831013139988
2023-01-20 05:00:00,32.425218696267564
2023-01-20 06:00:00,33.327876495142824
2023-01-20 07:00:00,32.52333273481138
2023-01-20 08:00:00,33.920955599913626
2023-01-20 09:00:00,31.621337728845702
2023-01-20 10:00:00,33.776505929374636
2023-01-20 11:00:00,33.136108551072184
2023-01-20 12:00:00,35.0282600099277
2023-01-20 13:00:00,33.40447718424031
2023-01-20 14:00:00,33.61840334752693
2023-01-20 15:00:00,33.75767859429068
2023-01-20 16:00:00,35.13795563944568
2023-01-20 17:00:00,34.11247418204929
2023-01-20 18:00:00,36.002465455188904
2023-01-20 19:00:00,36.13149424084618
2023-01-20 20:00:00,35.699337626409225
2023-01-20 21:00:00,36.02825197334874
2023-01-20 22:00:00,35.50429838858487
2023-01-20 23:00:00,38.27085212331693
2023-01-21 00:00:00,37.43220437100807
2023-01-21 01:00:00,35.70560683706982
2023-01-21 02:00:00,38.090027662186216
2023-01-21 03:00:00,36.24012768753109
2023-01-21 04:00:00,37.85116403531938
2023-01-21 05:00:00,38.39875303282581
2023-01-21 06:00:00,37.67414192879177
2023-01-21 07:00:00,37.641314828312844
2023-01-21 08:00:00,38.797015833644224
2023-01-21 09:00:00,39.228542495974345
2023-01-21 10:00:00,39.09333663864958
2023-01-21 11:00:00,39.484851232757634
2023-01-21 12:00:00,37.95042531559654
2023-01-21 13:00:00,39.48992382208104
2023-01-21 14:00:00,38.76695804797879
2023-01-21 15:00:00,40.06266900821407
2023-01-21 16:00:00,39.12036345623943
2023-01-21 17:00:00,39.567905158779006
2023-01-21 18:00:00,39.63492692798331
2023-01-21 19:00:00,40.333198208816036
2023-01-21 20:00:00,40.65465033616775
2023-01-21 21:00:00,41.00881952784274
2023-01-21 22:00:00,41.904118227246165
2023-01-21 23:00:00,40.576735865678835
2023-01-22 00:00:00,43.29659096503331
2023-01-22 01:00:00,41.52765093802145
2023-01-22 02:00:00,41.30777627479616
2023-01-22 03:00:00,42.55162298263381
2023-01-22 04:00:00,42.01908349094398
2023-01-22 05:00:00,42.141332375702014
2023-01-22 06:00:00,42.98674915791857
2023-01-22 07:00:00,41.71940108884266
2023-01-22 08:00:00,44.15460635654567
2023-01-22 09:00:00,41.96071488522661
2023-01-22 10:00:00,42.814614905877384
2023-01-22 11:00:00,44.73207126008416
2023-01-22 12:00:00,44.95487946560736
2023-01-22 13:00:00,44.35084014474537
2023-01-22 14:00:00,42.757508270678684
2023-01-22 15:00:00,43.947255606356556
2023-01-22 16:00:00,43.88911612979898
2023-01-22 17:00:00,44.007423067840776
2023-01-22 18:00:00,44.480479913945096
2023-01-22 19:00:00,45.328595350825665
2023-01-22 20:00:00,45.95914651443354
2023-01-22 21:00:00,45.491905495817655
2023-01-22 22:00:00,44.54884977341175
2023-01-22 23:00:00,45.58525092239744
2023-01-23 00:00:00,45.94298090211187
2023-01-23 01:00:00,46.70853792302642
2023-01-23 02:00:00,45.368717489811495
2023-01-23 03:00:00,45.64615750868236
2023-01-23 04:00:00,45.60701654905816
2023-01-23 05:00:00,45.269003287000594
2023-01-23 06:00:00,46.8896301159832
2023-01-23 07:00:00,46.08616033936493
2023-01-23 08:00:00,47.67278836288654
2023-01-23 09:00:00,47.723270409145236
2023-01-23 10:00:00,47.02883838239936
2023-01-23 11:00:00,47.369742530922835
2023-01-23 12:00:00,46.865712221095734
2023-01-23 13:00:00,47.570028074877186
2023-01-23 14:00:00,47.588837535059184
2023-01-23 15:00:00,48.73483941031179
2023-01-23 16:00:00,47.24124511700762
2023-01-23 17:00:00,48.87753480146229
2023-01-23 18:00:00,48.56739751794553
2023-01-23 19:00:00,48.372059033181046
2023-01-23 20:00:00,46.95735143242215
2023-01-23 21:00:00,47.21849109941443
2023-01-23 22:00:00,48.284350181585964
2023-01-23 23:00:00,48.51930338139344
2023-01-24 00:00:00,47.24022000851696
2023-01-24 01:00:00,50.275624581689584
2023-01-24 02:00:00,48.8136047746229
2023-01-24 03:00:00,48.608689655545355
2023-01-24 04:00:00,49.34246959324307
2023-01-24 05:00:00,48.12720803833508
2023-01-24 06:00:00,46.888815120634696
2023-01-24 07:00:00,48.90613409412859
2023-01-24 08:00:00,48.38533054660773
2023-01-24 09:00:00,49.184371179681584
2023-01-24 10:00:00,49.409784044018146
2023-01-24 11:00:00,47.71929801814865
2023-01-24 12:00:00,-201.43043217800118
2023-01-24 13:00:00,50.291294698044595
2023-01-24 14:00:00,50.89595140759989
2023-01-24 15:00:00,49.44822836011246
2023-01-24 16:00:00,49.69997772428526
2023-01-24 17:00:00,49.96761348274329
2023-01-24 18:00:00,49.959492026687954
2023-01-24 19:00:00,52.337662406294285
2023-01-24 20:00:00,51.44544872672984
2023-01-24 21:00:00,49.180643445121405
2023-01-24 22:00:00,49.53635540528671
2023-01-24 23:00:00,51.024199631979066
2023-01-25 00:00:00,50.47901169106339
2023-01-25 01:00:00,50.8726357899016
2023-01-25 02:00:00,50.61593117415317
2023-01-25 03:00:00,49.129248753139294
2023-01-25 04:00:00,48.74615959637778
2023-01-25 05:00:00,48.539532690296625
2023-01-25 06:00:00,49.32139735524727
2023-01-25 07:00:00,50.43459246921
2023-01-25 08:00:00,49.49507644754595
2023-01-25 09:00:00,52.04329868773472
2023-01-25 10:00:00,48.439455557098654
2023-01-25 11:00:00,49.76550884672136
2023-01-25 12:00:00,51.062290927958855
2023-01-25 13:00:00,51.88806228515429
2023-01-25 14:00:00,49.05667465234125
2023-01-25 15:00:00,50.28537396153839
2023-01-25 16:00:00,50.67368311386181
2023-01-25 17:00:00,47.98603556708255
2023-01-25 18:00:00,50.73065285385765
2023-01-25 19:00:00,50.07969920928136
2023-01-25 20:00:00,49.47455592892782
2023-01-25 21:00:00,50.82817949955348
2023-01-25 22:00:00,49.90972811750732
2023-01-25 23:00:00,49.05084136728007
2023-01-26 00:00:00,51.10906096705457
2023-01-26 01:00:00,49.09753487416203
2023-01-26 02:00:00,50.96811026019896
2023-01-26 03:00:00,47.26786627963668
2023-01-26 04:00:00,50.510030876764205
2023-01-26 05:00:00,49.249275056712726
2023-01-26 06:00:00,49.79408700108829
2023-01-26 07:00:00,49.639320874408234
2023-01-26 08:00:00,50.42687340198204
2023-01-26 09:00:00,48.51395664020435
2023-01-26 10:00:00,49.10811825607946
2023-01-26 11:00:00,48.91390949205794
2023-01-26 12:00:00,49.654392483906115
2023-01-26 13:00:00,49.09836646407318
2023-01-26 14:00:00,49.318931173208426
2023-01-26 15:00:00,49.340188657002784
2023-01-26 16:00:00,47.21916603255106
2023-01-26 17:00:00,48.59337252906408
2023-01-26 18:00:00,48.85054376602895
2023-01-26 19:00:00,48.88149239899116
2023-01-26 20:00:00,51.05399471512655
2023-01-26 21:00:00,49.30310139207878
2023-01-26 22:00:00,49.713322335988344
2023-01-26 23:00:00,47.89212053729431
2023-01-27 00:00:00,49.05542840060771
2023-01-27 01:00:00,49.9482285366964
2023-01-27 02:00:00,47.60776296679851
2023-01-27 03:00:00,47.329886113728584
2023-01-27 04:00:00,46.34504997030476
2023-01-27 05:00:00,46.44392027090899
2023-01-27 06:00:00,49.30968475916536
2023-01-27 07:00:00,46.05020278508691
2023-01-27 08:00:00,47.31377985020634
2023-01-27 09:00:00,48.07395295753206
2023-01-27 10:00:00,47.360517808571
2023-01-27 11:00:00,47.32669996065019
2023-01-27 12:00:00,46.86147179912249
2023-01-27 13:00:00,47.822492148771616
2023-01-27 14:00:00,45.2804647799723
2023-01-27 15:00:00,46.19368893226236
2023-01-27 16:00:00,46.37534816236644
2023-01-27 17:00:00,44.417792458918825
2023-01-27 18:00:00,45.43138915213734
2023-01-27 19:00:00,45.827860805088335
2023-01-27 20:00:00,47.387170902811675
2023-01-27 21:00:00,45.10448457557627
2023-01-27 22:00:00,46.76558639193228
2023-01-27 23:00:00,44.73268956898306
2023-01-28 00:00:00,46.962283990542964
2023-01-28 01:00:00,44.73058529315918
2023-01-28 02:00:00,46.03438439787104
2023-01-28 03:00:00,47.762420606502495
2023-01-28 04:00:00,45.66044010602579
2023-01-28 05:00:00,45.96969354647799
2023-01-28 06:00:00,43.28844324344317
2023-01-28 07:00:00,44.75847723793435
2023-01-28 08:00:00,44.75199358605
2023-01-28 09:00:00,43.65998842529037
2023-01-28 10:00:00,43.95103202695232
2023-01-28 11:00:00,42.40088538996954
2023-01-28 12:00:00,42.851483081266636
2023-01-28 13:00:00,41.90407979176415
2023-01-28 14:00:00,41.435384239464575
2023-01-28 15:00:00,43.505098065948424
2023-01-28 16:00:00,41.773579883951804
2023-01-28 17:00:00,42.72075732836968
2023-01-28 18:00:00,44.06701064579894
2023-01-28 19:00:00,43.11711367962335
2023-01-28 20:00:00,41.1988704222017
2023-01-28 21:00:00,41.37676138662396
2023-01-28 22:00:00,40.78248819643674
2023-01-28 23:00:00,41.23858137297822
2023-01-29 00:00:00,42.75059339298494
2023-01-29 01:00:00,42.46181757527213
2023-01-29 02:00:00,40.11245133298151
2023-01-29 03:00:00,39.05248877164665
2023-01-29 04:00:00,41.2685411003989
2023-01-29 05:00:00,37.7073749958397
2023-01-29 06:00:00,40.36637155844372
2023-01-29 07:00:00,37.288874024816856
2023-01-29 08:00:00,39.77118578323499
2023-01-29 09:00:00,39.35308899053746
2023-01-29 10:00:00,38.48268396849482
2023-01-29 11:00:00,37.5676709133503
2023-01-29 12:00:00,39.00983217810639
2023-01-29 13:00:00,38.685821048045064
2023-01-29 14:00:00,38.156922697896746
2023-01-29 15:00:00,40.13580482997377
2023-01-29 16:00:00,37.309053732048746
2023-01-29 17:00:00,36.785296589897136
2023-01-29 18:00:00,38.514088731957855
2023-01-29 19:00:00,39.931539169842075
2023-01-29 20:00:00,35.987742336135675
2023-01-29 21:00:00,36.18804767595423
2023-01-29 22:00:00,35.66979838712349
2023-01-29 23:00:00,36.185364766317754
2023-01-30 00:00:00,36.455182988154576
2023-01-30 01:00:00,34.673281787767614
2023-01-30 02:00:00,34.90775502114459
2023-01-30 03:00:00,33.94369340943256
2023-01-30 04:00:00,34.84409979405901
2023-01-30 05:00:00,34.11305663836044
2023-01-30 06:00:00,34.52190105587488
2023-01-30 07:00:00,33.62830812924626
2023-01-30 08:00:00,33.754364474451194
2023-01-30 09:00:00,31.681910447410658
2023-01-30 10:00:00,32.45049261979449
2023-01-30 11:00:00,32.38640296363327
2023-01-30 12:00:00,32.72288665382177
2023-01-30 13:00:00,31.19364753496199
2023-01-30 14:00:00,31.459129550659455
2023-01-30 15:00:00,32.69496080487241
2023-01-30 16:00:00,31.88234709486526
2023-01-30 17:00:00,30.51616879326116
2023-01-30 18:00:00,30.867942943651673
2023-01-30 19:00:00,30.277107860473844
2023-01-30 20:00:00,30.566390071017747
2023-01-30 21:00:00,29.759358766467948
2023-01-30 22:00:00,28.824357517958436
2023-01-30 23:00:00,29.593189934737858
2023-01-31 00:00:00,27.662938557787196
2023-01-31 01:00:00,29.56459858569037
2023-01-31 02:00:00,29.596010119992286
2023-01-31 03:00:00,29.20679614089202
2023-01-31 04:00:00,26.659505329989234
2023-01-31 05:00:00,27.608133251129548
2023-01-31 06:00:00,28.30280812522792
2023-01-31 07:00:00,27.387850548884057
2023-01-31 08:00:00,27.177277025447346
2023-01-31 09:00:00,26.7180026607632
2023-01-31 10:00:00,27.06888598009821
2023-01-31 11:00:00,25.81917461534133
2023-01-31 12:00:00,24.048898433780867
2023-01-31 13:00:00,25.66098709685684
2023-01-31 14:00:00,27.231731939447513
2023-01-31 15:00:00,25.487844230042473
2023-01-31 16:00:00,25.0832226537466
2023-01-31 17:00:00,26.114147032444237
2023-01-31 18:00:00,23.083823987145923
2023-01-31 19:00:00,22.538139578692682
2023-01-31 20:00:00,22.814504797408485
2023-01-31 21:00:00,23.37448848281558
2023-01-31 22:00:00,24.40193625859065
2023-01-31 23:00:00,23.38345462802184
2023-02-01 00:00:00,21.925390394070668
2023-02-01 01:00:00,23.11808727148618
2023-02-01 02:00:00,21.65838107661674
2023-02-01 03:00:00,21.336394565276546
2023-02-01 04:00:00,20.53859370055105
2023-02-01 05:00:00,19.472064052280153
2023-02-01 06:00:00,19.838713512750832
2023-02-01 07:00:00,18.7569712736592
2023-02-01 08:00:00,17.32986077108892
2023-02-01 09:00:00,18.25268040892932
2023-02-01 10:00:00,20.08856331291195
2023-02-01 11:00:00,18.1493670214717
2023-02-01 12:00:00,16.669762668234988
2023-02-01 13:00:00,17.904836499713532
2023-02-01 14:00:00,19.811273498615343
2023-02-01 15:00:00,16.99137102469426
2023-02-01 16:00:00,19.242352514603056
2023-02-01 17:00:00,16.99930179166302
2023-02-01 18:00:00,14.055734119838526
2023-02-01 19:00:00,16.11247826446152
2023-02-01 20:00:00,17.579599628597077
2023-02-01 21:00:00,15.621837048753402
2023-02-01 22:00:00,13.600747139127243
2023-02-01 23:00:00,14.843840651177743
2023-02-02 00:00:00,15.437000156614134
2023-02-02 01:00:00,12.214837210435684
2023-02-02 02:00:00,13.572283056084457
2023-02-02 03:00:00,13.433193047759753
2023-02-02 04:00:00,13.838134231972802
2023-02-02 05:00:00,12.029014742798797
2023-02-02 06:00:00,11.20284375209821
2023-02-02 07:00:00,12.364566698976587
2023-02-02 08:00:00,11.718362926779873
2023-02-02 09:00:00,10.987275521660512
2023-02-02 10:00:00,10.214189342033155
2023-02-02 11:00:00,11.190917220325955
2023-02-02 12:00:00,9.497701689501922
2023-02-02 13:00:00,11.867845178706817
2023-02-02 14:00:00,8.955775680652856
2023-02-02 15:00:00,10.243598968167564
2023-02-02 16:00:00,9.684800482848924
2023-02-02 17:00:00,8.701997701029576
2023-02-02 18:00:00,7.77103601057889
2023-02-02 19:00:00,8.678051887551643
2023-02-02 20:00:00,7.3277098398824645
2023-02-02 21:00:00,5.968328792941977
2023-02-02 22:00:00,6.609852528641439
2023-02-02 23:00:00,6.577561249732785
2023-02-03 00:00:00,4.0620132289892
2023-02-03 01:00:00,6.564498730735997
2023-02-03 02:00:00,3.2031477719455856
2023-02-03 03:00:00,4.9709945147004095
2023-02-03 04:00:00,4.284887069322992
2023-02-03 05:00:00,2.292560022229562
2023-02-03 06:00:00,3.4259348637476563
2023-02-03 07:00:00,2.2542097716454563
2023-02-03 08:00:00,3.3258317473439645
2023-02-03 09:00:00,1.9397807021795024
2023-02-03 10:00:00,2.4679255394620134
2023-02-03 11:00:00,2.2489914628400305
2023-02-03 12:00:00,2.647445437576399
2023-02-03 13:00:00,0.30146390426144287
2023-02-03 14:00:00,2.5345441120343053
2023-02-03 15:00:00,-1.5950335770965005
2023-02-03 16:00:00,-1.0154379079158096
2023-02-03 17:00:00,-0.721669644312489
2023-02-03 18:00:00,-2.3063287026931407
2023-02-03 19:00:00,-2.7526234529014646
2023-02-03 20:00:00,-1.014412981974828
2023-02-03 21:00:00,-3.4537968370138215
2023-02-03 22:00:00,-2.8436774341277644
2023-02-03 23:00:00,-1.5857463547006618
2023-02-04 00:00:00,-1.5951533737837031
2023-02-04 01:00:00,-3.4730690174772407
2023-02-04 02:00:00,-2.7308809854435907
2023-02-04 03:00:00,-3.0206154043577342
2023-02-04 04:00:00,-3.6119604828975485
2023-02-04 05:00:00,-4.789568041243189
2023-02-04 06:00:00,-5.831201782549658
2023-02-04 07:00:00,-6.646784394529314
2023-02-04 08:00:00,-4.153382611482484
2023-02-04 09:00:00,-5.398502386245844
2023-02-04 10:00:00,-6.409229199017427
2023-02-04 11:00:00,-6.694690061527805
2023-02-04 12:00:00,-6.186488646814557
2023-02-04 13:00:00,-6.3992419217479695
2023-02-04 14:00:00,-7.733110595359236
2023-02-04 15:00:00,-9.100504814307044
2023-02-04 16:00:00,242.4189803616238
2023-02-04 17:00:00,-9.125403997874175
2023-02-04 18:00:00,-10.561229449708328
2023-02-04 19:00:00,-8.058613093355575
2023-02-04 20:00:00,-7.884668131067071
2023-02-04 21:00:00,-9.75495075888853
2023-02-04 22:00:00,-10.485165071160075
2023-02-04 23:00:00,-10.910758093729685
2023-02-05 00:00:00,-11.478350942402573
2023-02-05 01:00:00,-11.947612669517865
2023-02-05 02:00:00,-12.667184560020234
2023-02-05 03:00:00,-13.022668394869624
2023-02-05 04:00:00,-13.086434137595118
2023-02-05 05:00:00,-13.015765220701233
2023-02-05 06:00:00,-13.11810365220372
2023-02-05 07:00:00,-13.094513401120967
2023-02-05 08:00:00,-14.941313153779443
2023-02-05 09:00:00,-13.640674078244794
2023-02-05 10:00:00,-15.5569304915254
2023-02-05 11:00:00,-15.93428451298581
2023-02-05 12:00:00,-14.811896173626588
2023-02-05 13:00:00,-17.35514854111671
2023-02-05 14:00:00,-16.057022641139145
2023-02-05 15:00:00,-18.265508700615236
2023-02-05 16:00:00,-17.123184184990993
2023-02-05 17:00:00,-16.300725458386772
2023-02-05 18:00:00,-16.454045906917827
2023-02-05 19:00:00,-18.710355915909698
2023-02-05 20:00:00,-18.987048152069942
2023-02-05 21:00:00,-16.694832244494364
2023-02-05 22:00:00,-18.16740975119126
2023-02-05 23:00:00,-17.487140275315806
2023-02-06 00:00:00,-20.791639339278404
2023-02-06 01:00:00,-18.1033029008154
2023-02-06 02:00:00,-19.50353615505502
2023-02-06 03:00:00,-21.43486319347337
2023-02-06 04:00:00,-20.438798306242884
2023-02-06 05:00:00,-19.350781822599032
2023-02-06 06:00:00,-20.54822678151718
2023-02-06 07:00:00,-22.66646862143438
2023-02-06 08:00:00,-23.383905089698825
2023-02-06 09:00:00,-20.92138646978462
2023-02-06 10:00:00,-22.732061027491977
2023-02-06 11:00:00,-23.551507082848
2023-02-06 12:00:00,-23.565451523504372
2023-02-06 13:00:00,-24.11174907232329
2023-02-06 14:00:00,-25.153760576200646
2023-02-06 15:00:00,-24.231126690177167
2023-02-06 16:00:00,-24.04085587569904
2023-02-06 17:00:00,-26.105127223862077
2023-02-06 18:00:00,-23.87266028261862
2023-02-06 19:00:00,-26.055283216082202
2023-02-06 20:00:00,-25.244867206622185
2023-02-06 21:00:00,-25.003478768210346
2023-02-06 22:00:00,-25.273573810811957
2023-02-06 23:00:00,-24.954619390653736
2023-02-07 00:00:00,-28.490493263063122
2023-02-07 01:00:00,-29.03957587378322
2023-02-07 02:00:00,-28.934184826308915
2023-02-07 03:00:00,-28.24183851220005
2023-02-07 04:00:00,-27.50628730029871
2023-02-07 05:00:00,-29.400510168411092
2023-02-07 06:00:00,-29.613958140355916
2023-02-07 07:00:00,-29.33530400670977
2023-02-07 08:00:00,-29.735103032283003
2023-02-07 09:00:00,-27.235210791903242
2023-02-07 10:00:00,-30.72299008405956
2023-02-07 11:00:00,-28.178200148522897
2023-02-07 12:00:00,-27.95675919605927
2023-02-07 13:00:00,-30.641175151831902
2023-02-07 14:00:00,-30.988817073769805
2023-02-07 15:00:00,-31.212548228604145
2023-02-07 16:00:00,-32.026807312534956
2023-02-07 17:00:00,-32.240518143860314
2023-02-07 18:00:00,-33.23297367395282
2023-02-07 19:00:00,-31.80287353170085
2023-02-07 20:00:00,-31.54440761573159
2023-02-07 21:00:00,-33.51865298402503
2023-02-07 22:00:00,-32.1631068446216
2023-02-07 23:00:00,-33.73851646014673
2023-02-08 00:00:00,-34.23004143624064
2023-02-08 01:00:00,-33.67121625748937
2023-02-08 02:00:00,-34.37329688643157
2023-02-08 03:00:00,-32.60323732447416
2023-02-08 04:00:00,-33.15550058606278
2023-02-08 05:00:00,-33.43505494762391
2023-02-08 06:00:00,-34.218653499516364
2023-02-08 07:00:00,-36.60754235888092
2023-02-08 08:00:00,-36.10029686544491
2023-02-08 09:00:00,-35.8988171979038
2023-02-08 10:00:00,-34.25563184041287
2023-02-08 11:00:00,-37.082359624088745
2023-02-08 12:00:00,-35.29041563334079
2023-02-08 13:00:00,-38.71370733263321
2023-02-08 14:00:00,-37.448654009237295
2023-02-08 15:00:00,-37.58241164342526
2023-02-08 16:00:00,-36.348373764565586
2023-02-08 17:00:00,-36.67347098364642
2023-02-08 18:00:00,-37.77939973631411
2023-02-08 19:00:00,-37.68139928384442
2023-02-08 20:00:00,-39.705071743345464
2023-02-08 21:00:00,-40.390892423642434
2023-02-08 22:00:00,-37.69313340970901
2023-02-08 23:00:00,-36.21380663243252
2023-02-09 00:00:00,-38.182487255990715
2023-02-09 01:00:00,-39.905789369845294
2023-02-09 02:00:00,-39.13401146833472
2023-02-09 03:00:00,-41.73562579154414
2023-02-09 04:00:00,-40.28953639338561
2023-02-09 05:00:00,-40.630920179009145
2023-02-09 06:00:00,-39.165069320509765
2023-02-09 07:00:00,-40.41945901654666
2023-02-09 08:00:00,-39.92346277156447
2023-02-09 09:00:00,-42.48998080462383
2023-02-09 10:00:00,-41.57630825530945
2023-02-09 11:00:00,-42.31545311775331
2023-02-09 12:00:00,-40.86180538668191
2023-02-09 13:00:00,-41.618861891542025
2023-02-09 14:00:00,-41.93227157805447
2023-02-09 15:00:00,-44.32547931229051
2023-02-09 16:00:00,-40.692461171872836
2023-02-09 17:00:00,-42.99305876264711
2023-02-09 18:00:00,-42.815334267631094
2023-02-09 19:00:00,-40.461359224100306
2023-02-09 20:00:00,-41.65491077303055
2023-02-09 21:00:00,-43.174272460762694
2023-02-09 22:00:00,-42.82956731754014
2023-02-09 23:00:00,-45.03079757196209
2023-02-10 00:00:00,-44.66860541380344
2023-02-10 01:00:00,-43.296375182908
2023-02-10 02:00:00,-44.754472429699526
2023-02-10 03:00:00,-44.66218796376325
2023-02-10 04:00:00,-46.014045444992604
2023-02-10 05:00:00,-45.40135136320269
2023-02-10 06:00:00,-45.53438628055824
2023-02-10 07:00:00,-45.56312353383195
2023-02-10 08:00:00,-43.397206921695634
2023-02-10 09:00:00,-45.46073531353427
2023-02-10 10:00:00,-45.3945215633398
2023-02-10 11:00:00,-44.48927791719347
2023-02-10 12:00:00,-46.07266624945957
2023-02-10 13:00:00,-45.21036414855835
2023-02-10 14:00:00,-47.91216593588897
2023-02-10 15:00:00,-46.530253723431905
2023-02-10 16:00:00,-45.773016093928874
2023-02-10 17:00:00,-47.18838211783939
2023-02-10 18:00:00,-46.07987827898083
2023-02-10 19:00:00,-47.053169365407285
2023-02-10 20:00:00,-46.21997676748629
2023-02-10 21:00:00,-45.87000926668512
2023-02-10 22:00:00,-47.30552095931848
2023-02-10 23:00:00,-48.345584924451195
2023-02-11 00:00:00,-48.31835016407911
2023-02-11 01:00:00,-47.34664159468348
2023-02-11 02:00:00,-47.587079186486065
2023-02-11 03:00:00,-49.2808810037623
2023-02-11 04:00:00,-46.748894667731584
2023-02-11 05:00:00,-46.61908010323818
2023-02-11 06:00:00,-47.953509923214234
2023-02-11 07:00:00,-47.74666982209003
2023-02-11 08:00:00,-47.84624147407299
2023-02-11 09:00:00,-49.193594186204365
2023-02-11 10:00:00,-48.36758446827207
2023-02-11 11:00:00,-48.100229999953626
2023-02-11 12:00:00,-48.68252043678256
2023-02-11 13:00:00,-49.92786394225363
2023-02-11 14:00:00,-50.18509992911104
2023-02-11 15:00:00,-49.45372231106755
2023-02-11 16:00:00,-49.57314870619939
2023-02-11 17:00:00,-49.719883771362184
2023-02-11 18:00:00,-51.20197253505594
2023-02-11 19:00:00,-49.434044539507155
2023-02-11 20:00:00,-49.74070984356834
2023-02-11 21:00:00,-49.42021553257666
2023-02-11 22:00:00,-50.6823345461777
2023-02-11 23:00:00,-48.863681215266496
2023-02-12 00:00:00,-49.44607096442756
2023-02-12 01:00:00,-48.63402731107379
2023-02-12 02:00:00,-50.32997799827652
2023-02-12 03:00:00,-48.87470600330972
2023-02-12 04:00:00,-49.371518443627636
2023-02-12 05:00:00,-50.12366330454957
2023-02-12 06:00:00,-49.61715552546578
2023-02-12 07:00:00,-50.64875120325155
2023-02-12 08:00:00,-49.94820395111144
2023-02-12 09:00:00,-49.90233041959364
2023-02-12 10:00:00,-49.991244146068425
2023-02-12 11:00:00,-49.67720538976041
2023-02-12 12:00:00,-49.269376798960906
2023-02-12 13:00:00,-51.081438081295744
2023-02-12 14:00:00,-49.580775376882244
2023-02-12 15:00:00,-52.29872367936153
2023-02-12 16:00:00,-51.11753031701688
2023-02-12 17:00:00,-47.93593226436713
2023-02-12 18:00:00,-49.3321553338615
2023-02-12 19:00:00,-50.08873720232223
2023-02-12 20:00:00,-47.52580147133022
2023-02-12 21:00:00,-51.0494204731232
2023-02-12 22:00:00,-50.30563415693164
2023-02-12 23:00:00,-51.23564422096381
2023-02-13 00:00:00,-49.68483953332677
2023-02-13 01:00:00,-50.87582039865479
2023-02-13 02:00:00,-52.0906910220543
2023-02-13 03:00:00,-51.50466685279152
2023-02-13 04:00:00,-50.77918027674142
2023-02-13 05:00:00,-49.415566679273816
2023-02-13 06:00:00,-49.63171601118843
2023-02-13 07:00:00,-49.28073209266881
2023-02-13 08:00:00,-49.6775987791547
2023-02-13 09:00:00,-50.623260095715494
2023-02-13 10:00:00,-48.12764790576232
2023-02-13 11:00:00,-50.57748753001583
2023-02-13 12:00:00,-49.45326041079615
2023-02-13 13:00:00,-50.51164676194703
2023-02-13 14:00:00,-50.249117929050605
2023-02-13 15:00:00,-50.06881891002094
2023-02-13 16:00:00,-50.689651958829714
2023-02-13 17:00:00,-48.820299588209934
2023-02-13 18:00:00,-49.6981392914276
2023-02-13 19:00:00,-48.612301343008426
2023-02-13 20:00:00,-48.23883972976161
2023-02-13 21:00:00,-48.81214030874799
2023-02-13 22:00:00,-49.21950204742035
2023-02-13 23:00:00,-48.81990766178477
2023-02-14 00:00:00,-49.9013555689203
2023-02-14 01:00:00,-48.825018670362184
2023-02-14 02:00:00,-51.272612427521125
2023-02-14 03:00:00,-50.0267062762673
2023-02-14 04:00:00,-48.29785401418617
2023-02-14 05:00:00,-50.59368465189519
2023-02-14 06:00:00,-48.62928914185859
2023-02-14 07:00:00,-48.087433646203024
2023-02-14 08:00:00,-48.74602842002346
2023-02-14 09:00:00,-49.55568047038811
2023-02-14 10:00:00,-47.63180490658097
2023-02-14 11:00:00,-46.41053254472337
2023-02-14 12:00:00,-46.972229212098426
2023-02-14 13:00:00,-49.80284082598939
2023-02-14 14:00:00,-46.37888363966322
2023-02-14 15:00:00,-48.684686052457195
2023-02-14 16:00:00,-46.43143460781058
2023-02-14 17:00:00,-47.86313934313791
2023-02-14 18:00:00,-47.12019541515527
2023-02-14 19:00:00,-46.19247452528055
2023-02-14 20:00:00,-48.51260217641663
2023-02-14 21:00:00,-46.03166951106008
2023-02-14 22:00:00,-47.25791079056571
2023-02-14 23:00:00,-46.45398501730064
2023-02-15 00:00:00,-47.144285408196694
2023-02-15 01:00:00,-47.15469467001857
2023-02-15 02:00:00,-298.1812173692848
2023-02-15 03:00:00,-46.92344283488448
2023-02-15 04:00:00,-45.69495006505834
2023-02-15 05:00:00,-47.33417893997055
2023-02-15 06:00:00,-44.90978471392499
2023-02-15 07:00:00,-45.48080749195444
2023-02-15 08:00:00,-47.455437958233055
2023-02-15 09:00:00,-45.90413931524412
2023-02-15 10:00:00,-45.306269978878184
2023-02-15 11:00:00,-45.71452226144959
2023-02-15 12:00:00,-45.042856347121365
2023-02-15 13:00:00,-44.30465356681128
2023-02-15 14:00:00,-45.51620909403383
2023-02-15 15:00:00,-44.508671905111726
2023-02-15 16:00:00,-45.02409999895988
2023-02-15 17:00:00,-45.65904850439231
2023-02-15 18:00:00,-44.034585986160295
2023-02-15 19:00:00,-44.86431128813983
2023-02-15 20:00:00,-44.43117369760914
2023-02-15 21:00:00,-43.23138456438124
2023-02-15 22:00:00,-45.90194155260307
2023-02-15 23:00:00,-43.10671481541284
2023-02-16 00:00:00,-293.14261607777826
2023-02-16 01:00:00,-43.19958352640916
2023-02-16 02:00:00,-42.613965760082856
2023-02-16 03:00:00,-42.672253326214204
2023-02-16 04:00:00,-42.35420549015072
2023-02-16 05:00:00,-44.19691782488091
2023-02-16 06:00:00,-42.88149163038396
2023-02-16 07:00:00,-42.011438235064254
2023-02-16 08:00:00,-42.2165421842133
2023-02-16 09:00:00,-41.7307717098815
2023-02-16 10:00:00,-42.50657520208134
2023-02-16 11:00:00,-39.6954351704113
2023-02-16 12:00:00,-41.202905970225224
2023-02-16 13:00:00,-40.320527241112984
2023-02-16 14:00:00,-39.94525813640634
2023-02-16 15:00:00,-41.13140746194734
2023-02-16 16:00:00,-40.94268628373153
2023-02-16 17:00:00,-41.28241871373297
2023-02-16 18:00:00,-39.55586911048975
2023-02-16 19:00:00,-38.4379999742879
2023-02-16 20:00:00,-38.86367510743182
2023-02-16 21:00:00,-40.7366633844158
2023-02-16 22:00:00,-38.067924108597445
2023-02-16 23:00:00,-37.749520796392204
2023-02-17 00:00:00,-38.39464295796203
2023-02-17 01:00:00,-40.094675716113024
2023-02-17 02:00:00,-40.172667266993656
2023-02-17 03:00:00,-38.700594811530316
2023-02-17 04:00:00,-39.307736899903965
2023-02-17 05:00:00,-37.19069639765691
2023-02-17 06:00:00,-36.01281200824386
2023-02-17 07:00:00,-35.65397397649013
2023-02-17 08:00:00,-35.87093034309555
2023-02-17 09:00:00,-35.52185748593177
2023-02-17 10:00:00,-35.216917811174596
2023-02-17 11:00:00,-35.888631316376035
2023-02-17 12:00:00,-36.65695726344225
2023-02-17 13:00:00,-33.667092220597155
2023-02-17 14:00:00,-33.44150576192408
2023-02-17 15:00:00,-37.155920329040576
2023-02-17 16:00:00,-33.50811983011535
2023-02-17 17:00:00,-34.24698179108008
2023-02-17 18:00:00,-34.85952983102806
2023-02-17 19:00:00,-32.47179731496742
2023-02-17 20:00:00,-34.60012938492717
2023-02-17 21:00:00,-33.711331435510516
2023-02-17 22:00:00,-33.21004503683564
2023-02-17 23:00:00,-31.670371816159737
2023-02-18 00:00:00,-33.299371035780474
2023-02-18 01:00:00,-32.180655301017836
2023-02-18 02:00:00,-32.660237128252085
2023-02-18 03:00:00,-31.49630281479488
2023-02-18 04:00:00,-30.097222338134284
2023-02-18 05:00:00,-30.05517368941841
2023-02-18 06:00:00,-30.916705881909536
2023-02-18 07:00:00,-30.634810805367042
2023-02-18 08:00:00,-31.827025364976
2023-02-18 09:00:00,-28.813048564429568
2023-02-18 10:00:00,-29.629897075931588
2023-02-18 11:00:00,-28.13354142275042
2023-02-18 12:00:00,-28.94433932771468
2023-02-18 13:00:00,221.14509116785393
2023-02-18 14:00:00,-28.758879837598997
2023-02-18 15:00:00,-29.969046844245156
2023-02-18 16:00:00,-27.26164726405919
2023-02-18 17:00:00,-27.007017541141103
2023-02-18 18:00:00,-28.163124612930616
2023-02-18 19:00:00,-26.735714595246577
2023-02-18 20:00:00,-26.7845379061041
2023-02-18 21:00:00,-27.199928921397404
2023-02-18 22:00:00,-27.14310450118692
2023-02-18 23:00:00,-27.410413041934028
2023-02-19 00:00:00,-26.731370868802877
2023-02-19 01:00:00,-24.335177420997823
2023-02-19 02:00:00,-24.304070629203114
2023-02-19 03:00:00,-24.75039971447834
2023-02-19 04:00:00,-23.442740917472825
2023-02-19 05:00:00,-24.050818144443557
2023-02-19 06:00:00,-24.339217784422814
2023-02-19 07:00:00,-23.09229700481519
2023-02-19 08:00:00,-23.50393491905893
2023-02-19 09:00:00,-23.253914842895977
2023-02-19 10:00:00,-22.181570635287784
2023-02-19 11:00:00,-23.470865406577712
2023-02-19 12:00:00,-20.73535793548018
2023-02-19 13:00:00,-21.310977365243538
2023-02-19 14:00:00,-21.998321137755244
2023-02-19 15:00:00,-20.382753979016016
2023-02-19 16:00:00,-21.96801451903345
2023-02-19 17:00:00,-21.933728423162368
2023-02-19 18:00:00,-20.482525882190146
2023-02-19 19:00:00,-19.519424331569958
2023-02-19 20:00:00,-20.15093913890028
2023-02-19 21:00:00,-20.3463817104157
2023-02-19 22:00:00,-16.787708636622725
2023-02-19 23:00:00,-18.16122006449903
2023-02-20 00:00:00,-19.20206686711646
2023-02-20 01:00:00,-18.16652189531726
2023-02-20 02:00:00,-16.59829577460394
2023-02-20 03:00:00,-17.247567220877254
2023-02-20 04:00:00,-18.07422333584413
2023-02-20 05:00:00,-14.10258842474042
2023-02-20 06:00:00,-14.584765789061198
2023-02-20 07:00:00,-17.30778475201242
2023-02-20 08:00:00,-14.693150447793704
2023-02-20 09:00:00,-14.487385601274669
2023-02-20 10:00:00,-15.638091677957473
2023-02-20 11:00:00,-14.783935882657497
2023-02-20 12:00:00,-14.825342783085038
2023-02-20 13:00:00,-13.324991459319598
2023-02-20 14:00:00,-11.66675155326128
2023-02-20 15:00:00,-12.941810198141011
2023-02-20 16:00:00,-13.115679629732853
2023-02-20 17:00:00,-10.86986143789446
2023-02-20 18:00:00,-12.13644458710436
2023-02-20 19:00:00,-12.590421632476161
2023-02-20 20:00:00,-12.04792007064133
2023-02-20 21:00:00,-11.528766633065754
2023-02-20 22:00:00,-10.078622111341993
2023-02-20 23:00:00,-9.446513094153456
2023-02-21 00:00:00,-8.972532210674235
2023-02-21 01:00:00,-8.742752601877752
2023-02-21 02:00:00,-10.98101357301451
2023-02-21 03:00:00,-8.414042423040591
2023-02-21 04:00:00,-9.843539583200492
2023-02-21 05:00:00,-8.044116673892947
2023-02-21 06:00:00,-7.800964744884493
2023-02-21 07:00:00,-8.28244905111943
2023-02-21 08:00:00,-7.737933640417113
2023-02-21 09:00:00,-7.354552015623135
2023-02-21 10:00:00,-6.2333871509484275
2023-02-21 11:00:00,-5.983100407312868
2023-02-21 12:00:00,-4.084628033794283
2023-02-21 13:00:00,-5.213440304883163
2023-02-21 14:00:00,-4.595562411839037
2023-02-21 15:00:00,-4.388760925877706
2023-02-21 16:00:00,-4.570350310443314
2023-02-21 17:00:00,-3.159238601045365
2023-02-21 18:00:00,-4.493237472021137
2023-02-21 19:00:00,-3.1297004906347516
2023-02-21 20:00:00,-3.7146122356302222
2023-02-21 21:00:00,-2.9401614669056353
2023-02-21 22:00:00,-4.097320607504475
2023-02-21 23:00:00,-3.4177738213064357
2023-02-22 00:00:00,-0.8632454677166833
2023-02-22 01:00:00,-1.0537669790471562
2023-02-22 02:00:00,-0.29181531638734826
2023-02-22 03:00:00,-0.8516205256858927
2023-02-22 04:00:00,-1.1343938817042996
2023-02-22 05:00:00,0.6848481075298939
2023-02-22 06:00:00,1.5061965432896727
2023-02-22 07:00:00,-0.18483785431690247
2023-02-22 08:00:00,-1.0765780641961868
2023-02-22 09:00:00,0.9517981145185138
2023-02-22 10:00:00,1.7396729360885308
2023-02-22 11:00:00,0.5454102193091819
2023-02-22 12:00:00,1.2079396523957966
2023-02-22 13:00:00,3.388889467063592
2023-02-22 14:00:00,4.451013197022005
2023-02-22 15:00:00,5.165028822257813
2023-02-22 16:00:00,3.5702741858531946
2023-02-22 17:00:00,4.731849605685637
2023-02-22 18:00:00,4.487929201983768
2023-02-22 19:00:00,3.972537528454044
2023-02-22 20:00:00,4.779750649449732
2023-02-22 21:00:00,6.353996226804357
2023-02-22 22:00:00,4.964103109661907
2023-02-22 23:00:00,5.695948751664035
2023-02-23 00:00:00,6.636680689266039
2023-02-23 01:00:00,6.338705736704984
2023-02-23 02:00:00,6.258821321405354
2023-02-23 03:00:00,7.386213921963309
2023-02-23 04:00:00,9.338571541519599
2023-02-23 05:00:00,8.728568680838501
2023-02-23 06:00:00,7.874934154360701
2023-02-23 07:00:00,9.433126440994725
2023-02-23 08:00:00,9.001450591305098
2023-02-23 09:00:00,10.300004400637391
2023-02-23 10:00:00,10.164974172260067
2023-02-23 11:00:00,9.262747529168413
2023-02-23 12:00:00,10.225956046211923
2023-02-23 13:00:00,11.402702825322429
2023-02-23 14:00:00,11.76879128462492
2023-02-23 15:00:00,11.510137257357279
2023-02-23 16:00:00,12.604066133439643
2023-02-23 17:00:00,11.586386321860948
2023-02-23 18:00:00,12.331982971122876
2023-02-23 19:00:00,12.887242458984801
2023-02-23 20:00:00,11.330181687999227
2023-02-23 21:00:00,14.371567320572971
2023-02-23 22:00:00,13.490498906975919
2023-02-23 23:00:00,14.498577310838888
2023-02-24 00:00:00,13.872224334656883
2023-02-24 01:00:00,15.981152892768796
2023-02-24 02:00:00,15.32899391640473
2023-02-24 03:00:00,15.371966257740336
2023-02-24 04:00:00,17.376696065493576
2023-02-24 05:00:00,16.02440603309989
2023-02-24 06:00:00,15.267627552175139
2023-02-24 07:00:00,18.588975451610153
2023-02-24 08:00:00,17.109286521222334
2023-02-24 09:00:00,16.897396287631594
2023-02-24 10:00:00,17.905974306294326
2023-02-24 11:00:00,19.84882658263126
2023-02-24 12:00:00,19.339406847542527
2023-02-24 13:00:00,18.3769084896842
2023-02-24 14:00:00,19.64996529386302
2023-02-24 15:00:00,22.346077445550513
2023-02-24 16:00:00,21.094163145808718
2023-02-24 17:00:00,21.765350432964528
2023-02-24 18:00:00,20.445272952324903
2023-02-24 19:00:00,21.03447356318188
2023-02-24 20:00:00,23.586584468230203
2023-02-24 21:00:00,21.496419887272523
2023-02-24 22:00:00,22.624095948952224
2023-02-24 23:00:00,23.33811317983929
2023-02-25 00:00:00,23.570575011845133
2023-02-25 01:00:00,22.958039161814664
2023-02-25 02:00:00,24.37653078960149
2023-02-25 03:00:00,23.31704602439147
2023-02-25 04:00:00,22.956657466024318
2023-02-25 05:00:00,24.805278003400996
2023-02-25 06:00:00,24.732355203981356
2023-02-25 07:00:00,24.45174846686493
2023-02-25 08:00:00,25.23655658627475
2023-02-25 09:00:00,24.31789374578967
2023-02-25 10:00:00,26.26865523593407
2023-02-25 11:00:00,27.298853696605956
2023-02-25 12:00:00,24.64103336595121
2023-02-25 13:00:00,25.831267519152433
2023-02-25 14:00:00,26.475856039984098
2023-02-25 15:00:00,26.158955498397425
2023-02-25 16:00:00,27.896405841279424
2023-02-25 17:00:00,29.39994682096264
2023-02-25 18:00:00,28.363651020527655
2023-02-25 19:00:00,29.900028963215508
2023-02-25 20:00:00,28.96268874689735
2023-02-25 21:00:00,29.551196741255623
2023-02-25 22:00:00,28.962352421261507
2023-02-25 23:00:00,30.03600343258673
2023-02-26 00:00:00,29.044912358880516
2023-02-26 01:00:00,31.597869625794353
2023-02-26 02:00:00,29.47835468411655
2023-02-26 03:00:00,29.882949226595624
2023-02-26 04:00:00,31.33846563163354
2023-02-26 05:00:00,30.557051208812176
2023-02-26 06:00:00,32.21172088947307
2023-02-26 07:00:00,32.45492764853002
2023-02-26 08:00:00,32.337456815685705
2023-02-26 09:00:00,30.701873302737248
2023-02-26 10:00:00,32.59003866866192
2023-02-26 11:00:00,33.12658728120648
2023-02-26 12:00:00,33.21066879642539
2023-02-26 13:00:00,33.359447233223314
2023-02-26 14:00:00,33.05019948933978
2023-02-26 15:00:00,33.56516235742095
2023-02-26 16:00:00,34.68529195769162
2023-02-26 17:00:00,34.913767691459384
2023-02-26 18:00:00,34.201553040628966
2023-02-26 19:00:00,35.590678610347084
2023-02-26 20:00:00,36.35585424588016
2023-02-26 21:00:00,36.7032993163267
2023-02-26 22:00:00,35.69158437440322
2023-02-26 23:00:00,38.307008752693044
2023-02-27 00:00:00,34.77503073672432
2023-02-27 01:00:00,37.11366633729778
2023-02-27 02:00:00,36.922438788195656
2023-02-27 03:00:00,36.93554012219472
2023-02-27 04:00:00,37.16231456929462
2023-02-27 05:00:00,36.872381042422994
2023-02-27 06:00:00,37.87620293951964
2023-02-27 07:00:00,37.71173960444047
2023-02-27 08:00:00,37.791905251142865
2023-02-27 09:00:00,38.12024227212885
2023-02-27 10:00:00,38.19918600359461
2023-02-27 11:00:00,39.53602818355167
2023-02-27 12:00:00,40.343367789446596
2023-02-27 13:00:00,39.187350558307116
2023-02-27 14:00:00,39.85251218601594
2023-02-27 15:00:00,41.33146383612013
2023-02-27 16:00:00,39.00244259125846
2023-02-27 17:00:00,40.773140873574214
2023-02-27 18:00:00,39.93456043173933
2023-02-27 19:00:00,40.99121032339133
2023-02-27 20:00:00,41.478489611155545
2023-02-27 21:00:00,42.44842408289224
2023-02-27 22:00:00,40.56275608023795
2023-02-27 23:00:00,42.227373881899695
2023-02-28 00:00:00,41.36657576873607
2023-02-28 01:00:00,42.94186143265844
2023-02-28 02:00:00,40.847326719929484
2023-02-28 03:00:00,43.296703170368474
2023-02-28 04:00:00,44.07692869590729
2023-02-28 05:00:00,44.57083325245911
2023-02-28 06:00:00,43.93809187319909
2023-02-28 07:00:00,42.974143263250355
2023-02-28 08:00:00,42.48665527000179
2023-02-28 09:00:00,44.1911481776491
2023-02-28 10:00:00,43.98473100381858
2023-02-28 11:00:00,42.05100530889766
2023-02-28 12:00:00,42.60167964173086
2023-02-28 13:00:00,44.53771631544103
2023-02-28 14:00:00,44.0712006155103
2023-02-28 15:00:00,42.78889356832086
2023-02-28 16:00:00,43.41338153050588
2023-02-28 17:00:00,43.99350841203036
2023-02-28 18:00:00,295.4991525822456
2023-02-28 19:00:00,45.70511450858366
2023-02-28 20:00:00,45.73604111457734
2023-02-28 21:00:00,45.28191757203623
2023-02-28 22:00:00,45.48156357076411
2023-02-28 23:00:00,45.40270033166946
2023-03-01 00:00:00,47.48631981522673
